task,acc,loss,val_acc,val_loss,duration (s),epoch
test ISBI,0.8653626531362534,0.19889595806598664,0.9217109680175781,0.179768368601799,9948.188563346863,500
