task,acc,loss,val_acc,val_loss,duration (s),epoch
test ISBI,0.8889917612075806,0.1433262810111046,0.9229533076286316,0.2201087921857834,9974.47499537468,500
